Name,Points,Assists,Rebounds,Steals,Turnovers
Ali Hassan,22,7,10,3,2
Sara Khan,18,12,6,4,3
Zain Mirza,30,5,8,2,4
Fatima Noor,15,9,11,5,1
Hamza Raza,25,6,9,3,3
Ayesha Tariq,20,10,7,6,2
Omar Siddiqui,12,4,5,1,5
Nadia Qureshi,28,8,12,4,2
Bilal Ahmed,10,3,4,2,6
Mariam Yousuf,23,11,9,5,3
