Rank,Name,Points,Assists,Rebounds,Steals,Turnovers,Performance Score
1,Nadia Qureshi,28.0,8.0,12.0,4.0,2.0,60.4
2,Mariam Yousuf,23.0,11.0,9.0,5.0,3.0,57.3
3,Ayesha Tariq,20.0,10.0,7.0,6.0,2.0,53.4
4,Fatima Noor,15.0,9.0,11.0,5.0,1.0,50.7
5,Ali Hassan,22.0,7.0,10.0,3.0,2.0,48.5
6,Sara Khan,18.0,12.0,6.0,4.0,3.0,48.2
7,Hamza Raza,25.0,6.0,9.0,3.0,3.0,47.8
8,Zain Mirza,30.0,5.0,8.0,2.0,4.0,47.1
9,Omar Siddiqui,12.0,4.0,5.0,1.0,5.0,21.0
10,Bilal Ahmed,10.0,3.0,4.0,2.0,6.0,17.3
